Time (s),GenTq

0.0000,1.234E+01
0.1000,1.234E+01
0.2000,1.235E+01
0.3000,1.236E+01
0.4000,1.237E+01
0.5000,1.239E+01
0.6000,1.240E+01
0.7000,1.240E+01
0.8000,1.240E+01
0.9000,1.240E+01
1.0000,1.240E+01
1.1000,1.241E+01
1.2000,1.242E+01
1.3000,1.243E+01
1.4000,1.243E+01
1.5000,1.242E+01
1.6000,1.240E+01
1.7000,1.238E+01
1.8000,1.235E+01
1.9000,1.232E+01
2.0000,1.230E+01
2.1000,1.229E+01
2.2000,1.227E+01
2.3000,1.226E+01
2.4000,1.224E+01
2.5000,1.223E+01
2.6000,1.222E+01
2.7000,1.222E+01
2.8000,1.221E+01
2.9000,1.221E+01
3.0000,1.220E+01
3.1000,1.221E+01
3.2000,1.221E+01
3.3000,1.221E+01
3.4000,1.220E+01
3.5000,1.220E+01
3.6000,1.219E+01
3.7000,1.218E+01
3.8000,1.218E+01
3.9000,1.217E+01
4.0000,1.217E+01
4.1000,1.216E+01
4.2000,1.214E+01
4.3000,1.212E+01
4.4000,1.208E+01
4.5000,1.204E+01
4.6000,1.201E+01
4.7000,1.198E+01
4.8000,1.195E+01
4.9000,1.193E+01
5.0000,1.191E+01
5.1000,1.189E+01
5.2000,1.187E+01
5.3000,1.186E+01
5.4000,1.184E+01
5.5000,1.183E+01
5.6000,1.182E+01
5.7000,1.181E+01
5.8000,1.181E+01
5.9000,1.180E+01
6.0000,1.179E+01
6.1000,1.177E+01
6.2000,1.175E+01
6.3000,1.173E+01
6.4000,1.172E+01
6.5000,1.171E+01
6.6000,1.170E+01
6.7000,1.169E+01
6.8000,1.168E+01
6.9000,1.166E+01
7.0000,1.164E+01
7.1000,1.162E+01
7.2000,1.159E+01
7.3000,1.156E+01
7.4000,1.153E+01
7.5000,1.151E+01
7.6000,1.150E+01
7.7000,1.149E+01
7.8000,1.148E+01
7.9000,1.147E+01
8.0000,1.147E+01
8.1000,1.146E+01
8.2000,1.146E+01
8.3000,1.145E+01
8.4000,1.145E+01
8.5000,1.144E+01
8.6000,1.144E+01
8.7000,1.143E+01
8.8000,1.143E+01
8.9000,1.142E+01
9.0000,1.141E+01
9.1000,1.141E+01
9.2000,1.140E+01
9.3000,1.139E+01
9.4000,1.139E+01
9.5000,1.139E+01
9.6000,1.139E+01
9.7000,1.138E+01
9.8000,1.137E+01
9.9000,1.135E+01
10.0000,1.132E+01
10.1000,1.131E+01
10.2000,1.129E+01
10.3000,1.129E+01
10.4000,1.128E+01
10.5000,1.128E+01
10.6000,1.128E+01
10.7000,1.128E+01
10.8000,1.127E+01
10.9000,1.126E+01
11.0000,1.125E+01
11.1000,1.124E+01
11.2000,1.123E+01
11.3000,1.122E+01
11.4000,1.122E+01
11.5000,1.121E+01
11.6000,1.121E+01
11.7000,1.120E+01
11.8000,1.120E+01
11.9000,1.120E+01
12.0000,1.121E+01
12.1000,1.122E+01
12.2000,1.124E+01
12.3000,1.125E+01
12.4000,1.127E+01
12.5000,1.128E+01
12.6000,1.129E+01
12.7000,1.129E+01
12.8000,1.129E+01
12.9000,1.129E+01
13.0000,1.129E+01
13.1000,1.130E+01
13.2000,1.131E+01
13.3000,1.132E+01
13.4000,1.133E+01
13.5000,1.134E+01
13.6000,1.135E+01
13.7000,1.136E+01
13.8000,1.136E+01
13.9000,1.136E+01
14.0000,1.135E+01
14.1000,1.135E+01
14.2000,1.135E+01
14.3000,1.136E+01
14.4000,1.136E+01
14.5000,1.136E+01
14.6000,1.137E+01
14.7000,1.138E+01
14.8000,1.140E+01
14.9000,1.143E+01
15.0000,1.146E+01
15.1000,1.150E+01
15.2000,1.155E+01
15.3000,1.159E+01
15.4000,1.163E+01
15.5000,1.166E+01
15.6000,1.168E+01
15.7000,1.170E+01
15.8000,1.172E+01
15.9000,1.174E+01
16.0000,1.175E+01
16.1000,1.177E+01
16.2000,1.180E+01
16.3000,1.182E+01
16.4000,1.185E+01
16.5000,1.187E+01
16.6000,1.189E+01
16.7000,1.191E+01
16.8000,1.192E+01
16.9000,1.194E+01
17.0000,1.196E+01
17.1000,1.197E+01
17.2000,1.198E+01
17.3000,1.199E+01
17.4000,1.201E+01
17.5000,1.203E+01
17.6000,1.206E+01
17.7000,1.210E+01
17.8000,1.216E+01
17.9000,1.222E+01
18.0000,1.227E+01
18.1000,1.232E+01
18.2000,1.236E+01
18.3000,1.238E+01
18.4000,1.241E+01
18.5000,1.243E+01
18.6000,1.246E+01
18.7000,1.249E+01
18.8000,1.253E+01
18.9000,1.258E+01
19.0000,1.262E+01
19.1000,1.267E+01
19.2000,1.272E+01
19.3000,1.276E+01
19.4000,1.279E+01
19.5000,1.281E+01
19.6000,1.284E+01
19.7000,1.285E+01
19.8000,1.286E+01
19.9000,1.287E+01
20.0000,1.288E+01
20.1000,1.290E+01
20.2000,1.293E+01
20.3000,1.296E+01
20.4000,1.301E+01
20.5000,1.306E+01
20.6000,1.312E+01
20.7000,1.316E+01
20.8000,1.321E+01
20.9000,1.325E+01
21.0000,1.329E+01
21.1000,1.333E+01
21.2000,1.337E+01
21.3000,1.340E+01
21.4000,1.344E+01
21.5000,1.348E+01
21.6000,1.353E+01
21.7000,1.358E+01
21.8000,1.363E+01
21.9000,1.367E+01
22.0000,1.371E+01
22.1000,1.374E+01
22.2000,1.376E+01
22.3000,1.378E+01
22.4000,1.380E+01
22.5000,1.381E+01
22.6000,1.384E+01
22.7000,1.386E+01
22.8000,1.389E+01
22.9000,1.393E+01
23.0000,1.398E+01
23.1000,1.403E+01
23.2000,1.408E+01
23.3000,1.413E+01
23.4000,1.418E+01
23.5000,1.422E+01
23.6000,1.425E+01
23.7000,1.429E+01
23.8000,1.433E+01
23.9000,1.437E+01
24.0000,1.442E+01
24.1000,1.448E+01
24.2000,1.454E+01
24.3000,1.460E+01
24.4000,1.464E+01
24.5000,1.468E+01
24.6000,1.471E+01
24.7000,1.474E+01
24.8000,1.477E+01
24.9000,1.479E+01
25.0000,1.480E+01
25.1000,1.481E+01
25.2000,1.483E+01
25.3000,1.485E+01
25.4000,1.487E+01
25.5000,1.489E+01
25.6000,1.492E+01
25.7000,1.495E+01
25.8000,1.497E+01
25.9000,1.500E+01
26.0000,1.504E+01
26.1000,1.508E+01
26.2000,1.512E+01
26.3000,1.516E+01
26.4000,1.521E+01
26.5000,1.527E+01
26.6000,1.532E+01
26.7000,1.536E+01
26.8000,1.540E+01
26.9000,1.542E+01
27.0000,1.543E+01
27.1000,1.544E+01
27.2000,1.545E+01
27.3000,1.546E+01
27.4000,1.547E+01
27.5000,1.547E+01
27.6000,1.547E+01
27.7000,1.547E+01
27.8000,1.548E+01
27.9000,1.549E+01
28.0000,1.550E+01
28.1000,1.551E+01
28.2000,1.552E+01
28.3000,1.554E+01
28.4000,1.556E+01
28.5000,1.558E+01
28.6000,1.561E+01
28.7000,1.563E+01
28.8000,1.566E+01
28.9000,1.569E+01
29.0000,1.571E+01
29.1000,1.573E+01
29.2000,1.574E+01
29.3000,1.575E+01
29.4000,1.576E+01
29.5000,1.577E+01
29.6000,1.577E+01
29.7000,1.578E+01
29.8000,1.578E+01
29.9000,1.577E+01
30.0000,1.577E+01
30.1000,1.575E+01
30.2000,1.574E+01
30.3000,1.572E+01
30.4000,1.570E+01
30.5000,1.568E+01
30.6000,1.567E+01
30.7000,1.566E+01
30.8000,1.566E+01
30.9000,1.566E+01
31.0000,1.565E+01
31.1000,1.565E+01
31.2000,1.565E+01
31.3000,1.564E+01
31.4000,1.564E+01
31.5000,1.563E+01
31.6000,1.563E+01
31.7000,1.563E+01
31.8000,1.563E+01
31.9000,1.562E+01
32.0000,1.561E+01
32.1000,1.559E+01
32.2000,1.557E+01
32.3000,1.555E+01
32.4000,1.553E+01
32.5000,1.549E+01
32.6000,1.546E+01
32.7000,1.542E+01
32.8000,1.538E+01
32.9000,1.534E+01
33.0000,1.531E+01
33.1000,1.528E+01
33.2000,1.526E+01
33.3000,1.524E+01
33.4000,1.522E+01
33.5000,1.521E+01
33.6000,1.520E+01
33.7000,1.519E+01
33.8000,1.519E+01
33.9000,1.518E+01
34.0000,1.517E+01
34.1000,1.515E+01
34.2000,1.514E+01
34.3000,1.513E+01
34.4000,1.512E+01
34.5000,1.511E+01
34.6000,1.509E+01
34.7000,1.507E+01
34.8000,1.504E+01
34.9000,1.501E+01
35.0000,1.497E+01
35.1000,1.493E+01
35.2000,1.489E+01
35.3000,1.486E+01
35.4000,1.483E+01
35.5000,1.479E+01
35.6000,1.475E+01
35.7000,1.472E+01
35.8000,1.469E+01
35.9000,1.467E+01
36.0000,1.466E+01
36.1000,1.465E+01
36.2000,1.465E+01
36.3000,1.465E+01
36.4000,1.465E+01
36.5000,1.465E+01
36.6000,1.463E+01
36.7000,1.462E+01
36.8000,1.460E+01
36.9000,1.458E+01
37.0000,1.456E+01
37.1000,1.453E+01
37.2000,1.451E+01
37.3000,1.448E+01
37.4000,1.444E+01
37.5000,1.441E+01
37.6000,1.438E+01
37.7000,1.435E+01
37.8000,1.433E+01
37.9000,1.430E+01
38.0000,1.427E+01
38.1000,1.423E+01
38.2000,1.420E+01
38.3000,1.417E+01
38.4000,1.414E+01
38.5000,1.413E+01
38.6000,1.411E+01
38.7000,1.410E+01
38.8000,1.409E+01
38.9000,1.408E+01
39.0000,1.407E+01
39.1000,1.405E+01
39.2000,1.404E+01
39.3000,1.403E+01
39.4000,1.402E+01
39.5000,1.400E+01
39.6000,1.398E+01
39.7000,1.396E+01
39.8000,1.394E+01
39.9000,1.391E+01
40.0000,1.389E+01
40.1000,1.386E+01
40.2000,1.384E+01
40.3000,1.382E+01
40.4000,1.379E+01
40.5000,1.377E+01
40.6000,1.374E+01
40.7000,1.371E+01
40.8000,1.370E+01
40.9000,1.369E+01
41.0000,1.369E+01
41.1000,1.370E+01
41.2000,1.370E+01
41.3000,1.370E+01
41.4000,1.369E+01
41.5000,1.369E+01
41.6000,1.368E+01
41.7000,1.367E+01
41.8000,1.366E+01
41.9000,1.364E+01
42.0000,1.361E+01
42.1000,1.359E+01
42.2000,1.355E+01
42.3000,1.352E+01
42.4000,1.349E+01
42.5000,1.346E+01
42.6000,1.343E+01
42.7000,1.341E+01
42.8000,1.339E+01
42.9000,1.337E+01
43.0000,1.335E+01
43.1000,1.333E+01
43.2000,1.332E+01
43.3000,1.331E+01
43.4000,1.332E+01
43.5000,1.333E+01
43.6000,1.335E+01
43.7000,1.335E+01
43.8000,1.336E+01
43.9000,1.335E+01
44.0000,1.334E+01
44.1000,1.332E+01
44.2000,1.330E+01
44.3000,1.328E+01
44.4000,1.326E+01
44.5000,1.324E+01
44.6000,1.321E+01
44.7000,1.319E+01
44.8000,1.316E+01
44.9000,1.313E+01
45.0000,1.310E+01
45.1000,1.307E+01
45.2000,1.304E+01
45.3000,1.302E+01
45.4000,1.300E+01
45.5000,1.298E+01
45.6000,1.297E+01
45.7000,1.296E+01
45.8000,1.295E+01
45.9000,1.296E+01
46.0000,1.297E+01
46.1000,1.299E+01
46.2000,1.300E+01
46.3000,1.300E+01
46.4000,1.300E+01
46.5000,1.299E+01
46.6000,1.299E+01
46.7000,1.298E+01
46.8000,1.297E+01
46.9000,1.296E+01
47.0000,1.294E+01
47.1000,1.292E+01
47.2000,1.291E+01
47.3000,1.288E+01
47.4000,1.285E+01
47.5000,1.282E+01
47.6000,1.279E+01
47.7000,1.276E+01
47.8000,1.274E+01
47.9000,1.272E+01
48.0000,1.270E+01
48.1000,1.267E+01
48.2000,1.265E+01
48.3000,1.263E+01
48.4000,1.262E+01
48.5000,1.261E+01
48.6000,1.261E+01
48.7000,1.261E+01
48.8000,1.262E+01
48.9000,1.262E+01
49.0000,1.263E+01
49.1000,1.262E+01
49.2000,1.261E+01
49.3000,1.260E+01
49.4000,1.259E+01
49.5000,1.257E+01
49.6000,1.255E+01
49.7000,1.252E+01
49.8000,1.250E+01
49.9000,1.247E+01
50.0000,1.245E+01
50.1000,1.243E+01
50.2000,1.240E+01
50.3000,1.238E+01
50.4000,1.235E+01
50.5000,1.232E+01
50.6000,1.230E+01
50.7000,1.228E+01
50.8000,1.226E+01
50.9000,1.225E+01
51.0000,1.223E+01
51.1000,1.221E+01
51.2000,1.220E+01
51.3000,1.220E+01
51.4000,1.221E+01
51.5000,1.222E+01
51.6000,1.223E+01
51.7000,1.222E+01
51.8000,1.222E+01
51.9000,1.220E+01
52.0000,1.219E+01
52.1000,1.217E+01
52.2000,1.215E+01
52.3000,1.212E+01
52.4000,1.210E+01
52.5000,1.207E+01
52.6000,1.205E+01
52.7000,1.202E+01
52.8000,1.199E+01
52.9000,1.196E+01
53.0000,1.193E+01
53.1000,1.190E+01
53.2000,1.187E+01
53.3000,1.184E+01
53.4000,1.181E+01
53.5000,1.179E+01
53.6000,1.176E+01
53.7000,1.174E+01
53.8000,1.173E+01
53.9000,1.172E+01
54.0000,1.172E+01
54.1000,1.172E+01
54.2000,1.172E+01
54.3000,1.171E+01
54.4000,1.170E+01
54.5000,1.169E+01
54.6000,1.168E+01
54.7000,1.166E+01
54.8000,1.164E+01
54.9000,1.162E+01
55.0000,1.160E+01
55.1000,1.159E+01
55.2000,1.157E+01
55.3000,1.155E+01
55.4000,1.152E+01
55.5000,1.150E+01
55.6000,1.147E+01
55.7000,1.144E+01
55.8000,1.141E+01
55.9000,1.138E+01
56.0000,1.136E+01
56.1000,1.133E+01
56.2000,1.131E+01
56.3000,1.130E+01
56.4000,1.128E+01
56.5000,1.126E+01
56.6000,1.125E+01
56.7000,1.125E+01
56.8000,1.125E+01
56.9000,1.125E+01
57.0000,1.125E+01
57.1000,1.124E+01
57.2000,1.123E+01
57.3000,1.122E+01
57.4000,1.121E+01
57.5000,1.120E+01
57.6000,1.119E+01
57.7000,1.118E+01
57.8000,1.117E+01
57.9000,1.116E+01
58.0000,1.115E+01
58.1000,1.113E+01
58.2000,1.112E+01
58.3000,1.111E+01
58.4000,1.109E+01
58.5000,1.107E+01
58.6000,1.105E+01
58.7000,1.103E+01
58.8000,1.101E+01
58.9000,1.099E+01
59.0000,1.097E+01
59.1000,1.096E+01
59.2000,1.095E+01
59.3000,1.093E+01
59.4000,1.092E+01
59.5000,1.091E+01
59.6000,1.090E+01
59.7000,1.089E+01
59.8000,1.089E+01
59.9000,1.088E+01
60.0000,1.087E+01
60.1000,1.086E+01
60.2000,1.086E+01
60.3000,1.086E+01
60.4000,1.086E+01
60.5000,1.086E+01
60.6000,1.086E+01
60.7000,1.085E+01
60.8000,1.085E+01
60.9000,1.084E+01
61.0000,1.083E+01
61.1000,1.082E+01
61.2000,1.080E+01
61.3000,1.079E+01
61.4000,1.077E+01
61.5000,1.075E+01
61.6000,1.072E+01
61.7000,1.070E+01
61.8000,1.068E+01
61.9000,1.067E+01
62.0000,1.066E+01
62.1000,1.064E+01
62.2000,1.063E+01
62.3000,1.063E+01
62.4000,1.062E+01
62.5000,1.061E+01
62.6000,1.060E+01
62.7000,1.060E+01
62.8000,1.059E+01
62.9000,1.059E+01
63.0000,1.059E+01
63.1000,1.060E+01
63.2000,1.060E+01
63.3000,1.061E+01
63.4000,1.061E+01
63.5000,1.060E+01
63.6000,1.060E+01
63.7000,1.058E+01
63.8000,1.057E+01
63.9000,1.054E+01
64.0000,1.052E+01
64.1000,1.049E+01
64.2000,1.046E+01
64.3000,1.044E+01
64.4000,1.042E+01
64.5000,1.041E+01
64.6000,1.039E+01
64.7000,1.038E+01
64.8000,1.037E+01
64.9000,1.036E+01
65.0000,1.035E+01
65.1000,1.034E+01
65.2000,1.034E+01
65.3000,1.033E+01
65.4000,1.032E+01
65.5000,1.031E+01
65.6000,1.030E+01
65.7000,1.030E+01
65.8000,1.031E+01
65.9000,1.032E+01
66.0000,1.033E+01
66.1000,1.033E+01
66.2000,1.033E+01
66.3000,1.033E+01
66.4000,1.032E+01
66.5000,1.030E+01
66.6000,1.029E+01
66.7000,1.026E+01
66.8000,1.024E+01
66.9000,1.021E+01
67.0000,1.018E+01
67.1000,1.015E+01
67.2000,1.012E+01
67.3000,1.009E+01
67.4000,1.007E+01
67.5000,1.005E+01
67.6000,1.004E+01
67.7000,1.003E+01
67.8000,1.002E+01
67.9000,1.000E+01
68.0000,9.985E+00
68.1000,9.973E+00
68.2000,9.962E+00
68.3000,9.954E+00
68.4000,9.952E+00
68.5000,9.959E+00
68.6000,9.973E+00
68.7000,9.990E+00
68.8000,1.001E+01
68.9000,1.002E+01
69.0000,1.002E+01
69.1000,1.001E+01
69.2000,1.000E+01
69.3000,9.988E+00
69.4000,9.971E+00
69.5000,9.952E+00
69.6000,9.935E+00
69.7000,9.917E+00
69.8000,9.899E+00
69.9000,9.883E+00
70.0000,9.870E+00
70.1000,9.857E+00
70.2000,9.844E+00
70.3000,9.830E+00
70.4000,9.815E+00
70.5000,9.803E+00
70.6000,9.795E+00
70.7000,9.787E+00
70.8000,9.777E+00
70.9000,9.764E+00
71.0000,9.754E+00
71.1000,9.745E+00
71.2000,9.739E+00
71.3000,9.736E+00
71.4000,9.735E+00
71.5000,9.737E+00
71.6000,9.743E+00
71.7000,9.751E+00
71.8000,9.757E+00
71.9000,9.756E+00
72.0000,9.748E+00
72.1000,9.735E+00
72.2000,9.722E+00
72.3000,9.710E+00
72.4000,9.699E+00
72.5000,9.686E+00
72.6000,9.672E+00
72.7000,9.659E+00
72.8000,9.647E+00
72.9000,9.635E+00
73.0000,9.624E+00
73.1000,9.613E+00
73.2000,9.600E+00
73.3000,9.585E+00
73.4000,9.568E+00
73.5000,9.553E+00
73.6000,9.540E+00
73.7000,9.527E+00
73.8000,9.516E+00
73.9000,9.508E+00
74.0000,9.505E+00
74.1000,9.510E+00
74.2000,9.519E+00
74.3000,9.530E+00
74.4000,9.540E+00
74.5000,9.547E+00
74.6000,9.551E+00
74.7000,9.553E+00
74.8000,9.550E+00
74.9000,9.543E+00
75.0000,9.534E+00
75.1000,9.526E+00
75.2000,9.519E+00
75.3000,9.511E+00
75.4000,9.502E+00
75.5000,9.492E+00
75.6000,9.482E+00
75.7000,9.474E+00
75.8000,9.466E+00
75.9000,9.460E+00
76.0000,9.454E+00
76.1000,9.450E+00
76.2000,9.446E+00
76.3000,9.443E+00
76.4000,9.439E+00
76.5000,9.435E+00
76.6000,9.432E+00
76.7000,9.426E+00
76.8000,9.419E+00
76.9000,9.413E+00
77.0000,9.412E+00
77.1000,9.417E+00
77.2000,9.427E+00
77.3000,9.439E+00
77.4000,9.453E+00
77.5000,9.469E+00
77.6000,9.485E+00
77.7000,9.498E+00
77.8000,9.507E+00
77.9000,9.512E+00
78.0000,9.514E+00
78.1000,9.514E+00
78.2000,9.515E+00
78.3000,9.518E+00
78.4000,9.523E+00
78.5000,9.528E+00
78.6000,9.531E+00
78.7000,9.531E+00
78.8000,9.531E+00
78.9000,9.529E+00
79.0000,9.529E+00
79.1000,9.533E+00
79.2000,9.539E+00
79.3000,9.545E+00
79.4000,9.549E+00
79.5000,9.550E+00
79.6000,9.547E+00
79.7000,9.544E+00
79.8000,9.539E+00
79.9000,9.536E+00
80.0000,9.534E+00
80.1000,9.533E+00
80.2000,9.533E+00
80.3000,9.535E+00
80.4000,9.539E+00
80.5000,9.545E+00
80.6000,9.551E+00
80.7000,9.557E+00
80.8000,9.563E+00
80.9000,9.568E+00
81.0000,9.572E+00
81.1000,9.576E+00
81.2000,9.580E+00
81.3000,9.582E+00
81.4000,9.584E+00
81.5000,9.588E+00
81.6000,9.596E+00
81.7000,9.604E+00
81.8000,9.609E+00
81.9000,9.612E+00
82.0000,9.613E+00
82.1000,9.613E+00
82.2000,9.613E+00
82.3000,9.615E+00
82.4000,9.617E+00
82.5000,9.617E+00
82.6000,9.615E+00
82.7000,9.611E+00
82.8000,9.609E+00
82.9000,9.607E+00
83.0000,9.606E+00
83.1000,9.605E+00
83.2000,9.608E+00
83.3000,9.615E+00
83.4000,9.625E+00
83.5000,9.636E+00
83.6000,9.644E+00
83.7000,9.648E+00
83.8000,9.651E+00
83.9000,9.652E+00
84.0000,9.652E+00
84.1000,9.652E+00
84.2000,9.652E+00
84.3000,9.656E+00
84.4000,9.663E+00
84.5000,9.673E+00
84.6000,9.682E+00
84.7000,9.691E+00
84.8000,9.700E+00
84.9000,9.708E+00
85.0000,9.716E+00
85.1000,9.724E+00
85.2000,9.732E+00
85.3000,9.741E+00
85.4000,9.747E+00
85.5000,9.750E+00
85.6000,9.753E+00
85.7000,9.759E+00
85.8000,9.765E+00
85.9000,9.770E+00
86.0000,9.777E+00
86.1000,9.788E+00
86.2000,9.800E+00
86.3000,9.808E+00
86.4000,9.815E+00
86.5000,9.821E+00
86.6000,9.826E+00
86.7000,9.830E+00
86.8000,9.833E+00
86.9000,9.837E+00
87.0000,9.841E+00
87.1000,9.845E+00
87.2000,9.845E+00
87.3000,9.840E+00
87.4000,9.835E+00
87.5000,9.833E+00
87.6000,9.833E+00
87.7000,9.836E+00
87.8000,9.837E+00
87.9000,9.838E+00
88.0000,9.843E+00
88.1000,9.851E+00
88.2000,9.861E+00
88.3000,9.872E+00
88.4000,9.881E+00
88.5000,9.887E+00
88.6000,9.893E+00
88.7000,9.895E+00
88.8000,9.894E+00
88.9000,9.894E+00
89.0000,9.897E+00
89.1000,9.900E+00
89.2000,9.907E+00
89.3000,9.915E+00
89.4000,9.922E+00
89.5000,9.927E+00
89.6000,9.929E+00
89.7000,9.927E+00
89.8000,9.921E+00
89.9000,9.913E+00
90.0000,9.906E+00
90.1000,9.897E+00
90.2000,9.886E+00
90.3000,9.875E+00
90.4000,9.864E+00
90.5000,9.857E+00
90.6000,9.851E+00
90.7000,9.847E+00
90.8000,9.842E+00
90.9000,9.838E+00
91.0000,9.837E+00
91.1000,9.840E+00
91.2000,9.844E+00
91.3000,9.847E+00
91.4000,9.850E+00
91.5000,9.852E+00
91.6000,9.854E+00
91.7000,9.854E+00
91.8000,9.852E+00
91.9000,9.847E+00
92.0000,9.840E+00
92.1000,9.832E+00
92.2000,9.824E+00
92.3000,9.816E+00
92.4000,9.808E+00
92.5000,9.796E+00
92.6000,9.782E+00
92.7000,9.765E+00
92.8000,9.748E+00
92.9000,9.732E+00
93.0000,9.718E+00
93.1000,9.708E+00
93.2000,9.702E+00
93.3000,9.697E+00
93.4000,9.690E+00
93.5000,9.687E+00
93.6000,9.686E+00
93.7000,9.688E+00
93.8000,9.690E+00
93.9000,9.690E+00
94.0000,9.689E+00
94.1000,9.690E+00
94.2000,9.693E+00
94.3000,9.696E+00
94.4000,9.700E+00
94.5000,9.701E+00
94.6000,9.700E+00
94.7000,9.696E+00
94.8000,9.691E+00
94.9000,9.683E+00
95.0000,9.673E+00
95.1000,9.661E+00
95.2000,9.651E+00
95.3000,9.641E+00
95.4000,9.631E+00
95.5000,9.622E+00
95.6000,9.614E+00
95.7000,9.606E+00
95.8000,9.597E+00
95.9000,9.587E+00
96.0000,9.578E+00
96.1000,9.576E+00
96.2000,9.578E+00
96.3000,9.583E+00
96.4000,9.589E+00
96.5000,9.596E+00
96.6000,9.601E+00
96.7000,9.607E+00
96.8000,9.613E+00
96.9000,9.617E+00
97.0000,9.621E+00
97.1000,9.623E+00
97.2000,9.623E+00
97.3000,9.619E+00
97.4000,9.613E+00
97.5000,9.606E+00
97.6000,9.597E+00
97.7000,9.587E+00
97.8000,9.575E+00
97.9000,9.563E+00
98.0000,9.551E+00
98.1000,9.541E+00
98.2000,9.531E+00
98.3000,9.522E+00
98.4000,9.514E+00
98.5000,9.509E+00
98.6000,9.504E+00
98.7000,9.497E+00
98.8000,9.485E+00
98.9000,9.471E+00
99.0000,9.459E+00
99.1000,9.451E+00
99.2000,9.448E+00
99.3000,9.446E+00
99.4000,9.442E+00
99.5000,9.436E+00
99.6000,9.429E+00
99.7000,9.424E+00
99.8000,9.421E+00
99.9000,9.416E+00
100.0000,9.411E+00
100.1000,9.406E+00
100.2000,9.400E+00
100.3000,9.394E+00
100.4000,9.389E+00
100.5000,9.384E+00
100.6000,9.377E+00
100.7000,9.370E+00
100.8000,9.362E+00
100.9000,9.354E+00
101.0000,9.346E+00
101.1000,9.340E+00
101.2000,9.335E+00
101.3000,9.334E+00
101.4000,9.336E+00
101.5000,9.340E+00
101.6000,9.346E+00
101.7000,9.352E+00
101.8000,9.356E+00
101.9000,9.356E+00
102.0000,9.352E+00
102.1000,9.346E+00
102.2000,9.338E+00
102.3000,9.328E+00
102.4000,9.315E+00
102.5000,9.301E+00
102.6000,9.287E+00
102.7000,9.275E+00
102.8000,9.265E+00
102.9000,9.256E+00
103.0000,9.246E+00
103.1000,9.236E+00
103.2000,9.227E+00
103.3000,9.220E+00
103.4000,9.213E+00
103.5000,9.206E+00
103.6000,9.201E+00
103.7000,9.197E+00
103.8000,9.192E+00
103.9000,9.186E+00
104.0000,9.178E+00
104.1000,9.173E+00
104.2000,9.168E+00
104.3000,9.165E+00
104.4000,9.164E+00
104.5000,9.166E+00
104.6000,9.170E+00
104.7000,9.178E+00
104.8000,9.185E+00
104.9000,9.189E+00
105.0000,9.193E+00
105.1000,9.194E+00
105.2000,9.193E+00
105.3000,9.190E+00
105.4000,9.187E+00
105.5000,9.184E+00
105.6000,9.182E+00
105.7000,9.182E+00
105.8000,9.180E+00
105.9000,9.175E+00
106.0000,9.167E+00
106.1000,9.157E+00
106.2000,9.144E+00
106.3000,9.131E+00
106.4000,9.121E+00
106.5000,9.114E+00
106.6000,9.110E+00
106.7000,9.108E+00
106.8000,9.105E+00
106.9000,9.099E+00
107.0000,9.092E+00
107.1000,9.083E+00
107.2000,9.075E+00
107.3000,9.069E+00
107.4000,9.064E+00
107.5000,9.060E+00
107.6000,9.056E+00
107.7000,9.051E+00
107.8000,9.046E+00
107.9000,9.043E+00
108.0000,9.043E+00
108.1000,9.044E+00
108.2000,9.044E+00
108.3000,9.043E+00
108.4000,9.044E+00
108.5000,9.045E+00
108.6000,9.048E+00
108.7000,9.055E+00
108.8000,9.064E+00
108.9000,9.069E+00
109.0000,9.067E+00
109.1000,9.059E+00
109.2000,9.048E+00
109.3000,9.037E+00
109.4000,9.027E+00
109.5000,9.018E+00
109.6000,9.009E+00
109.7000,8.998E+00
109.8000,8.986E+00
109.9000,8.972E+00
110.0000,8.959E+00
110.1000,8.946E+00
110.2000,8.933E+00
110.3000,8.923E+00
110.4000,8.917E+00
110.5000,8.915E+00
110.6000,8.917E+00
110.7000,8.923E+00
110.8000,8.928E+00
110.9000,8.930E+00
111.0000,8.929E+00
111.1000,8.925E+00
111.2000,8.921E+00
111.3000,8.918E+00
111.4000,8.917E+00
111.5000,8.919E+00
111.6000,8.926E+00
111.7000,8.935E+00
111.8000,8.943E+00
111.9000,8.947E+00
112.0000,8.950E+00
112.1000,8.951E+00
112.2000,8.946E+00
112.3000,8.938E+00
112.4000,8.928E+00
112.5000,8.917E+00
112.6000,8.904E+00
112.7000,8.888E+00
112.8000,8.872E+00
112.9000,8.856E+00
113.0000,8.841E+00
113.1000,8.824E+00
113.2000,8.808E+00
113.3000,8.794E+00
113.4000,8.782E+00
113.5000,8.773E+00
113.6000,8.767E+00
113.7000,8.764E+00
113.8000,8.764E+00
113.9000,8.763E+00
114.0000,8.759E+00
114.1000,8.751E+00
114.2000,8.741E+00
114.3000,8.730E+00
114.4000,8.718E+00
114.5000,8.708E+00
114.6000,8.699E+00
114.7000,8.690E+00
114.8000,8.682E+00
114.9000,8.678E+00
115.0000,8.676E+00
115.1000,8.673E+00
115.2000,8.671E+00
115.3000,8.667E+00
115.4000,8.659E+00
115.5000,8.647E+00
115.6000,8.631E+00
115.7000,8.612E+00
115.8000,8.591E+00
115.9000,8.569E+00
116.0000,8.547E+00
116.1000,8.528E+00
116.2000,8.512E+00
116.3000,8.498E+00
116.4000,8.487E+00
116.5000,8.478E+00
116.6000,8.469E+00
116.7000,8.462E+00
116.8000,8.456E+00
116.9000,8.453E+00
117.0000,8.455E+00
117.1000,8.458E+00
117.2000,8.461E+00
117.3000,8.464E+00
117.4000,8.465E+00
117.5000,8.463E+00
117.6000,8.460E+00
117.7000,8.455E+00
117.8000,8.448E+00
117.9000,8.441E+00
118.0000,8.437E+00
118.1000,8.436E+00
118.2000,8.438E+00
118.3000,8.440E+00
118.4000,8.441E+00
118.5000,8.438E+00
118.6000,8.430E+00
118.7000,8.421E+00
118.8000,8.411E+00
118.9000,8.399E+00
119.0000,8.384E+00
119.1000,8.368E+00
119.2000,8.352E+00
119.3000,8.337E+00
119.4000,8.322E+00
119.5000,8.308E+00
119.6000,8.296E+00
119.7000,8.286E+00
119.8000,8.278E+00
119.9000,8.271E+00
120.0000,8.266E+00
120.1000,8.264E+00
120.2000,8.266E+00
120.3000,8.269E+00
120.4000,8.270E+00
120.5000,8.269E+00
120.6000,8.269E+00
120.7000,8.274E+00
120.8000,8.282E+00
120.9000,8.291E+00
121.0000,8.295E+00
121.1000,8.295E+00
121.2000,8.294E+00
121.3000,8.293E+00
121.4000,8.293E+00
121.5000,8.297E+00
121.6000,8.303E+00
121.7000,8.305E+00
121.8000,8.304E+00
121.9000,8.299E+00
122.0000,8.293E+00
122.1000,8.287E+00
122.2000,8.279E+00
122.3000,8.272E+00
122.4000,8.266E+00
122.5000,8.261E+00
122.6000,8.255E+00
122.7000,8.248E+00
122.8000,8.243E+00
122.9000,8.238E+00
123.0000,8.235E+00
123.1000,8.232E+00
123.2000,8.227E+00
123.3000,8.222E+00
123.4000,8.217E+00
123.5000,8.214E+00
123.6000,8.209E+00
123.7000,8.203E+00
123.8000,8.199E+00
123.9000,8.198E+00
124.0000,8.200E+00
124.1000,8.203E+00
124.2000,8.206E+00
124.3000,8.209E+00
124.4000,8.211E+00
124.5000,8.213E+00
124.6000,8.215E+00
124.7000,8.218E+00
124.8000,8.224E+00
124.9000,8.230E+00
125.0000,8.233E+00
125.1000,8.235E+00
125.2000,8.236E+00
125.3000,8.237E+00
125.4000,8.240E+00
125.5000,8.241E+00
125.6000,8.239E+00
125.7000,8.235E+00
125.8000,8.229E+00
125.9000,8.224E+00
126.0000,8.218E+00
126.1000,8.213E+00
126.2000,8.210E+00
126.3000,8.207E+00
126.4000,8.204E+00
126.5000,8.201E+00
126.6000,8.199E+00
126.7000,8.198E+00
126.8000,8.197E+00
126.9000,8.196E+00
127.0000,8.197E+00
127.1000,8.200E+00
127.2000,8.206E+00
127.3000,8.213E+00
127.4000,8.220E+00
127.5000,8.225E+00
127.6000,8.229E+00
127.7000,8.233E+00
127.8000,8.236E+00
127.9000,8.236E+00
128.0000,8.234E+00
128.1000,8.230E+00
128.2000,8.226E+00
128.3000,8.222E+00
128.4000,8.216E+00
128.5000,8.210E+00
128.6000,8.203E+00
128.7000,8.195E+00
128.8000,8.190E+00
128.9000,8.188E+00
129.0000,8.186E+00
129.1000,8.185E+00
129.2000,8.185E+00
129.3000,8.186E+00
129.4000,8.189E+00
129.5000,8.192E+00
129.6000,8.194E+00
129.7000,8.194E+00
129.8000,8.194E+00
129.9000,8.192E+00
130.0000,8.191E+00
130.1000,8.191E+00
130.2000,8.192E+00
130.3000,8.195E+00
130.4000,8.200E+00
130.5000,8.208E+00
130.6000,8.218E+00
130.7000,8.226E+00
130.8000,8.232E+00
130.9000,8.238E+00
131.0000,8.244E+00
131.1000,8.251E+00
131.2000,8.257E+00
131.3000,8.259E+00
131.4000,8.259E+00
131.5000,8.258E+00
131.6000,8.258E+00
131.7000,8.259E+00
131.8000,8.261E+00
131.9000,8.264E+00
132.0000,8.268E+00
132.1000,8.273E+00
132.2000,8.279E+00
132.3000,8.285E+00
132.4000,8.290E+00
132.5000,8.297E+00
132.6000,8.306E+00
132.7000,8.315E+00
132.8000,8.322E+00
132.9000,8.326E+00
133.0000,8.327E+00
133.1000,8.326E+00
133.2000,8.324E+00
133.3000,8.322E+00
133.4000,8.320E+00
133.5000,8.320E+00
133.6000,8.323E+00
133.7000,8.327E+00
133.8000,8.332E+00
133.9000,8.340E+00
134.0000,8.349E+00
134.1000,8.359E+00
134.2000,8.371E+00
134.3000,8.383E+00
134.4000,8.393E+00
134.5000,8.401E+00
134.6000,8.409E+00
134.7000,8.416E+00
134.8000,8.421E+00
134.9000,8.426E+00
135.0000,8.430E+00
135.1000,8.434E+00
135.2000,8.437E+00
135.3000,8.441E+00
135.4000,8.444E+00
135.5000,8.445E+00
135.6000,8.444E+00
135.7000,8.442E+00
135.8000,8.439E+00
135.9000,8.439E+00
136.0000,8.438E+00
136.1000,8.432E+00
136.2000,8.422E+00
136.3000,8.413E+00
136.4000,8.405E+00
136.5000,8.399E+00
136.6000,8.397E+00
136.7000,8.398E+00
136.8000,8.403E+00
136.9000,8.411E+00
137.0000,8.419E+00
137.1000,8.428E+00
137.2000,8.441E+00
137.3000,8.457E+00
137.4000,8.474E+00
137.5000,8.491E+00
137.6000,8.508E+00
137.7000,8.523E+00
137.8000,8.537E+00
137.9000,8.550E+00
138.0000,8.560E+00
138.1000,8.568E+00
138.2000,8.575E+00
138.3000,8.580E+00
138.4000,8.583E+00
138.5000,8.583E+00
138.6000,8.581E+00
138.7000,8.576E+00
138.8000,8.568E+00
138.9000,8.556E+00
139.0000,8.543E+00
139.1000,8.530E+00
139.2000,8.519E+00
139.3000,8.510E+00
139.4000,8.502E+00
139.5000,8.494E+00
139.6000,8.488E+00
139.7000,8.485E+00
139.8000,8.487E+00
139.9000,8.496E+00
140.0000,8.509E+00
140.1000,8.524E+00
140.2000,8.539E+00
140.3000,8.557E+00
140.4000,8.578E+00
140.5000,8.601E+00
140.6000,8.623E+00
140.7000,8.642E+00
140.8000,8.658E+00
140.9000,8.671E+00
141.0000,8.683E+00
141.1000,8.671E+00
141.2000,8.657E+00
141.3000,8.642E+00
141.4000,8.626E+00
141.5000,8.610E+00
141.6000,8.593E+00
141.7000,8.576E+00
141.8000,8.558E+00
141.9000,8.538E+00
142.0000,8.515E+00
142.1000,8.491E+00
142.2000,8.468E+00
142.3000,8.447E+00
142.4000,8.428E+00
142.5000,8.409E+00
142.6000,8.390E+00
142.7000,8.370E+00
142.8000,8.352E+00
142.9000,8.337E+00
143.0000,8.329E+00
143.1000,8.330E+00
143.2000,8.333E+00
143.3000,8.335E+00
143.4000,8.335E+00
143.5000,8.333E+00
143.6000,8.331E+00
143.7000,8.327E+00
143.8000,8.323E+00
143.9000,8.318E+00
144.0000,8.312E+00
144.1000,8.302E+00
144.2000,8.293E+00
144.3000,8.284E+00
144.4000,8.274E+00
144.5000,8.263E+00
144.6000,8.251E+00
144.7000,8.239E+00
144.8000,8.227E+00
144.9000,8.216E+00
145.0000,8.207E+00
145.1000,8.197E+00
145.2000,8.185E+00
145.3000,8.168E+00
145.4000,8.148E+00
145.5000,8.127E+00
145.6000,8.106E+00
145.7000,8.088E+00
145.8000,8.072E+00
145.9000,8.060E+00
146.0000,8.050E+00
146.1000,8.044E+00
146.2000,8.045E+00
146.3000,8.050E+00
146.4000,8.057E+00
146.5000,8.064E+00
146.6000,8.069E+00
146.7000,8.070E+00
146.8000,8.068E+00
146.9000,8.062E+00
147.0000,8.054E+00
147.1000,8.048E+00
147.2000,8.045E+00
147.3000,8.041E+00
147.4000,8.036E+00
147.5000,8.028E+00
147.6000,8.020E+00
147.7000,8.013E+00
147.8000,8.008E+00
147.9000,8.002E+00
148.0000,7.994E+00
148.1000,7.987E+00
148.2000,7.983E+00
148.3000,7.979E+00
148.4000,7.975E+00
148.5000,7.972E+00
148.6000,7.967E+00
148.7000,7.961E+00
148.8000,7.955E+00
148.9000,7.949E+00
149.0000,7.947E+00
149.1000,7.947E+00
149.2000,7.951E+00
149.3000,7.960E+00
149.4000,7.969E+00
149.5000,7.982E+00
149.6000,7.996E+00
149.7000,8.012E+00
149.8000,8.023E+00
149.9000,8.028E+00
150.0000,8.028E+00
150.1000,8.028E+00
150.2000,8.023E+00
150.3000,8.017E+00
150.4000,8.009E+00
150.5000,8.004E+00
150.6000,8.001E+00
150.7000,7.997E+00
150.8000,7.991E+00
150.9000,7.986E+00
151.0000,7.984E+00
151.1000,7.985E+00
151.2000,7.987E+00
151.3000,7.987E+00
151.4000,7.985E+00
151.5000,7.980E+00
151.6000,7.976E+00
151.7000,7.972E+00
151.8000,7.970E+00
151.9000,7.967E+00
152.0000,7.962E+00
152.1000,7.959E+00
152.2000,7.959E+00
152.3000,7.961E+00
152.4000,7.964E+00
152.5000,7.969E+00
152.6000,7.973E+00
152.7000,7.976E+00
152.8000,7.979E+00
152.9000,7.987E+00
153.0000,7.998E+00
153.1000,8.011E+00
153.2000,8.023E+00
153.3000,8.031E+00
153.4000,8.036E+00
153.5000,8.039E+00
153.6000,8.041E+00
153.7000,8.043E+00
153.8000,8.045E+00
153.9000,8.046E+00
154.0000,8.047E+00
154.1000,8.045E+00
154.2000,8.042E+00
154.3000,8.039E+00
154.4000,8.039E+00
154.5000,8.038E+00
154.6000,8.036E+00
154.7000,8.032E+00
154.8000,8.027E+00
154.9000,8.019E+00
155.0000,8.009E+00
155.1000,7.999E+00
155.2000,7.990E+00
155.3000,7.980E+00
155.4000,7.971E+00
155.5000,7.963E+00
155.6000,7.954E+00
155.7000,7.945E+00
155.8000,7.938E+00
155.9000,7.936E+00
156.0000,7.936E+00
156.1000,7.939E+00
156.2000,7.945E+00
156.3000,7.954E+00
156.4000,7.965E+00
156.5000,7.977E+00
156.6000,7.987E+00
156.7000,7.995E+00
156.8000,8.001E+00
156.9000,8.006E+00
157.0000,8.012E+00
157.1000,8.018E+00
157.2000,8.020E+00
157.3000,8.021E+00
157.4000,8.019E+00
157.5000,8.017E+00
157.6000,8.012E+00
157.7000,8.007E+00
157.8000,8.001E+00
157.9000,7.996E+00
158.0000,7.993E+00
158.1000,7.989E+00
158.2000,7.982E+00
158.3000,7.973E+00
158.4000,7.962E+00
158.5000,7.951E+00
158.6000,7.942E+00
158.7000,7.933E+00
158.8000,7.923E+00
158.9000,7.911E+00
159.0000,7.899E+00
159.1000,7.892E+00
159.2000,7.887E+00
159.3000,7.885E+00
159.4000,7.884E+00
159.5000,7.886E+00
159.6000,7.890E+00
159.7000,7.898E+00
159.8000,7.910E+00
159.9000,7.924E+00
160.0000,7.938E+00
160.1000,7.951E+00
160.2000,7.961E+00
160.3000,7.966E+00
160.4000,7.970E+00
160.5000,7.971E+00
160.6000,7.971E+00
160.7000,7.968E+00
160.8000,7.963E+00
160.9000,7.956E+00
161.0000,7.948E+00
161.1000,7.942E+00
161.2000,7.934E+00
161.3000,7.925E+00
161.4000,7.915E+00
161.5000,7.905E+00
161.6000,7.895E+00
161.7000,7.883E+00
161.8000,7.872E+00
161.9000,7.861E+00
162.0000,7.851E+00
162.1000,7.843E+00
162.2000,7.838E+00
162.3000,7.833E+00
162.4000,7.829E+00
162.5000,7.826E+00
162.6000,7.826E+00
162.7000,7.827E+00
162.8000,7.834E+00
162.9000,7.843E+00
163.0000,7.854E+00
163.1000,7.865E+00
163.2000,7.876E+00
163.3000,7.889E+00
163.4000,7.899E+00
163.5000,7.906E+00
163.6000,7.909E+00
163.7000,7.910E+00
163.8000,7.911E+00
163.9000,7.911E+00
164.0000,7.909E+00
164.1000,7.907E+00
164.2000,7.904E+00
164.3000,7.901E+00
164.4000,7.899E+00
164.5000,7.895E+00
164.6000,7.890E+00
164.7000,7.883E+00
164.8000,7.875E+00
164.9000,7.866E+00
165.0000,7.856E+00
165.1000,7.844E+00
165.2000,7.832E+00
165.3000,7.821E+00
165.4000,7.812E+00
165.5000,7.805E+00
165.6000,7.801E+00
165.7000,7.799E+00
165.8000,7.799E+00
165.9000,7.802E+00
166.0000,7.809E+00
166.1000,7.820E+00
166.2000,7.832E+00
166.3000,7.846E+00
166.4000,7.859E+00
166.5000,7.869E+00
166.6000,7.877E+00
166.7000,7.881E+00
166.8000,7.885E+00
166.9000,7.885E+00
167.0000,7.882E+00
167.1000,7.880E+00
167.2000,7.880E+00
167.3000,7.884E+00
167.4000,7.890E+00
167.5000,7.899E+00
167.6000,7.908E+00
167.7000,7.914E+00
167.8000,7.918E+00
167.9000,7.920E+00
168.0000,7.917E+00
168.1000,7.910E+00
168.2000,7.900E+00
168.3000,7.889E+00
168.4000,7.877E+00
168.5000,7.868E+00
168.6000,7.860E+00
168.7000,7.851E+00
168.8000,7.840E+00
168.9000,7.828E+00
169.0000,7.818E+00
169.1000,7.811E+00
169.2000,7.810E+00
169.3000,7.815E+00
169.4000,7.827E+00
169.5000,7.840E+00
169.6000,7.851E+00
169.7000,7.859E+00
169.8000,7.866E+00
169.9000,7.872E+00
170.0000,7.876E+00
170.1000,7.877E+00
170.2000,7.878E+00
170.3000,7.878E+00
170.4000,7.878E+00
170.5000,7.878E+00
170.6000,7.881E+00
170.7000,7.886E+00
170.8000,7.893E+00
170.9000,7.901E+00
171.0000,7.908E+00
171.1000,7.910E+00
171.2000,7.912E+00
171.3000,7.911E+00
171.4000,7.908E+00
171.5000,7.902E+00
171.6000,7.894E+00
171.7000,7.884E+00
171.8000,7.873E+00
171.9000,7.860E+00
172.0000,7.847E+00
172.1000,7.834E+00
172.2000,7.824E+00
172.3000,7.815E+00
172.4000,7.808E+00
172.5000,7.802E+00
172.6000,7.797E+00
172.7000,7.789E+00
172.8000,7.782E+00
172.9000,7.777E+00
173.0000,7.776E+00
173.1000,7.773E+00
173.2000,7.766E+00
173.3000,7.757E+00
173.4000,7.745E+00
173.5000,7.733E+00
173.6000,7.720E+00
173.7000,7.706E+00
173.8000,7.690E+00
173.9000,7.674E+00
174.0000,7.661E+00
174.1000,7.648E+00
174.2000,7.638E+00
174.3000,7.634E+00
174.4000,7.635E+00
174.5000,7.639E+00
174.6000,7.641E+00
174.7000,7.642E+00
174.8000,7.642E+00
174.9000,7.641E+00
175.0000,7.638E+00
175.1000,7.632E+00
175.2000,7.625E+00
175.3000,7.619E+00
175.4000,7.613E+00
175.5000,7.607E+00
175.6000,7.604E+00
175.7000,7.604E+00
175.8000,7.607E+00
175.9000,7.610E+00
176.0000,7.612E+00
176.1000,7.613E+00
176.2000,7.611E+00
176.3000,7.607E+00
176.4000,7.601E+00
176.5000,7.594E+00
176.6000,7.587E+00
176.7000,7.581E+00
176.8000,7.575E+00
176.9000,7.568E+00
177.0000,7.559E+00
177.1000,7.546E+00
177.2000,7.531E+00
177.3000,7.516E+00
177.4000,7.501E+00
177.5000,7.488E+00
177.6000,7.478E+00
177.7000,7.473E+00
177.8000,7.471E+00
177.9000,7.469E+00
178.0000,7.469E+00
178.1000,7.471E+00
178.2000,7.474E+00
178.3000,7.477E+00
178.4000,7.479E+00
178.5000,7.480E+00
178.6000,7.476E+00
178.7000,7.469E+00
178.8000,7.460E+00
178.9000,7.453E+00
179.0000,7.447E+00
179.1000,7.445E+00
179.2000,7.445E+00
179.3000,7.446E+00
179.4000,7.447E+00
179.5000,7.449E+00
179.6000,7.450E+00
179.7000,7.451E+00
179.8000,7.452E+00
179.9000,7.452E+00
180.0000,7.449E+00
180.1000,7.444E+00
180.2000,7.440E+00
180.3000,7.436E+00
180.4000,7.432E+00
180.5000,7.427E+00
180.6000,7.421E+00
180.7000,7.414E+00
180.8000,7.406E+00
180.9000,7.397E+00
181.0000,7.390E+00
181.1000,7.386E+00
181.2000,7.385E+00
181.3000,7.386E+00
181.4000,7.391E+00
181.5000,7.396E+00
181.6000,7.401E+00
181.7000,7.406E+00
181.8000,7.410E+00
181.9000,7.416E+00
182.0000,7.419E+00
182.1000,7.420E+00
182.2000,7.419E+00
182.3000,7.415E+00
182.4000,7.411E+00
182.5000,7.407E+00
182.6000,7.403E+00
182.7000,7.400E+00
182.8000,7.397E+00
182.9000,7.394E+00
183.0000,7.392E+00
183.1000,7.391E+00
183.2000,7.392E+00
183.3000,7.394E+00
183.4000,7.396E+00
183.5000,7.399E+00
183.6000,7.403E+00
183.7000,7.408E+00
183.8000,7.411E+00
183.9000,7.410E+00
184.0000,7.407E+00
184.1000,7.403E+00
184.2000,7.400E+00
184.3000,7.399E+00
184.4000,7.402E+00
184.5000,7.407E+00
184.6000,7.413E+00
184.7000,7.420E+00
184.8000,7.429E+00
184.9000,7.441E+00
185.0000,7.454E+00
185.1000,7.468E+00
185.2000,7.480E+00
185.3000,7.488E+00
185.4000,7.495E+00
185.5000,7.502E+00
185.6000,7.508E+00
185.7000,7.514E+00
185.8000,7.518E+00
185.9000,7.519E+00
186.0000,7.517E+00
186.1000,7.516E+00
186.2000,7.519E+00
186.3000,7.522E+00
186.4000,7.526E+00
186.5000,7.529E+00
186.6000,7.534E+00
186.7000,7.538E+00
186.8000,7.542E+00
186.9000,7.545E+00
187.0000,7.549E+00
187.1000,7.555E+00
187.2000,7.560E+00
187.3000,7.562E+00
187.4000,7.562E+00
187.5000,7.560E+00
187.6000,7.558E+00
187.7000,7.555E+00
187.8000,7.555E+00
187.9000,7.558E+00
188.0000,7.566E+00
188.1000,7.577E+00
188.2000,7.593E+00
188.3000,7.610E+00
188.4000,7.628E+00
188.5000,7.644E+00
188.6000,7.657E+00
188.7000,7.670E+00
188.8000,7.682E+00
188.9000,7.695E+00
189.0000,7.709E+00
189.1000,7.718E+00
189.2000,7.725E+00
189.3000,7.726E+00
189.4000,7.724E+00
189.5000,7.719E+00
189.6000,7.715E+00
189.7000,7.711E+00
189.8000,7.706E+00
189.9000,7.701E+00
190.0000,7.694E+00
190.1000,7.688E+00
190.2000,7.682E+00
190.3000,7.677E+00
190.4000,7.671E+00
190.5000,7.667E+00
190.6000,7.663E+00
190.7000,7.658E+00
190.8000,7.652E+00
190.9000,7.644E+00
191.0000,7.635E+00
191.1000,7.626E+00
191.2000,7.623E+00
191.3000,7.628E+00
191.4000,7.635E+00
191.5000,7.641E+00
191.6000,7.647E+00
191.7000,7.652E+00
191.8000,7.657E+00
191.9000,7.662E+00
192.0000,7.667E+00
192.1000,7.672E+00
192.2000,7.677E+00
192.3000,7.682E+00
192.4000,7.687E+00
192.5000,7.692E+00
192.6000,7.699E+00
192.7000,7.704E+00
192.8000,7.708E+00
192.9000,7.708E+00
193.0000,7.706E+00
193.1000,7.703E+00
193.2000,7.701E+00
193.3000,7.699E+00
193.4000,7.697E+00
193.5000,7.696E+00
193.6000,7.697E+00
193.7000,7.698E+00
193.8000,7.700E+00
193.9000,7.703E+00
194.0000,7.705E+00
194.1000,7.705E+00
194.2000,7.702E+00
194.3000,7.699E+00
194.4000,7.696E+00
194.5000,7.695E+00
194.6000,7.695E+00
194.7000,7.698E+00
194.8000,7.700E+00
194.9000,7.700E+00
195.0000,7.699E+00
195.1000,7.696E+00
195.2000,7.695E+00
195.3000,7.698E+00
195.4000,7.703E+00
195.5000,7.710E+00
195.6000,7.720E+00
195.7000,7.728E+00
195.8000,7.735E+00
195.9000,7.737E+00
196.0000,7.733E+00
196.1000,7.727E+00
196.2000,7.718E+00
196.3000,7.709E+00
196.4000,7.700E+00
196.5000,7.692E+00
196.6000,7.683E+00
196.7000,7.673E+00
196.8000,7.662E+00
196.9000,7.652E+00
197.0000,7.642E+00
197.1000,7.633E+00
197.2000,7.626E+00
197.3000,7.619E+00
197.4000,7.614E+00
197.5000,7.609E+00
197.6000,7.603E+00
197.7000,7.597E+00
197.8000,7.592E+00
197.9000,7.589E+00
198.0000,7.586E+00
198.1000,7.584E+00
198.2000,7.583E+00
198.3000,7.583E+00
198.4000,7.584E+00
198.5000,7.586E+00
198.6000,7.588E+00
198.7000,7.590E+00
198.8000,7.591E+00
198.9000,7.590E+00
199.0000,7.585E+00
199.1000,7.578E+00
199.2000,7.568E+00
199.3000,7.556E+00
199.4000,7.543E+00
199.5000,7.531E+00
199.6000,7.521E+00
199.7000,7.513E+00
199.8000,7.509E+00
199.9000,7.506E+00
200.0000,7.502E+00
200.1000,7.497E+00
200.2000,7.493E+00
200.3000,7.488E+00
200.4000,7.484E+00
200.5000,7.480E+00
200.6000,7.476E+00
200.7000,7.473E+00
200.8000,7.469E+00
200.9000,7.465E+00
201.0000,7.460E+00
201.1000,7.454E+00
201.2000,7.449E+00
201.3000,7.446E+00
201.4000,7.444E+00
201.5000,7.443E+00
201.6000,7.443E+00
201.7000,7.443E+00
201.8000,7.442E+00
201.9000,7.440E+00
202.0000,7.438E+00
202.1000,7.435E+00
202.2000,7.432E+00
202.3000,7.427E+00
202.4000,7.420E+00
202.5000,7.413E+00
202.6000,7.406E+00
202.7000,7.401E+00
202.8000,7.398E+00
202.9000,7.396E+00
203.0000,7.394E+00
203.1000,7.390E+00
203.2000,7.385E+00
203.3000,7.378E+00
203.4000,7.370E+00
203.5000,7.362E+00
203.6000,7.356E+00
203.7000,7.348E+00
203.8000,7.340E+00
203.9000,7.334E+00
204.0000,7.330E+00
204.1000,7.329E+00
204.2000,7.330E+00
204.3000,7.332E+00
204.4000,7.335E+00
204.5000,7.336E+00
204.6000,7.336E+00
204.7000,7.335E+00
204.8000,7.334E+00
204.9000,7.334E+00
205.0000,7.334E+00
205.1000,7.333E+00
205.2000,7.331E+00
205.3000,7.327E+00
205.4000,7.321E+00
205.5000,7.315E+00
205.6000,7.308E+00
205.7000,7.301E+00
205.8000,7.297E+00
205.9000,7.295E+00
206.0000,7.294E+00
206.1000,7.292E+00
206.2000,7.290E+00
206.3000,7.289E+00
206.4000,7.288E+00
206.5000,7.288E+00
206.6000,7.286E+00
206.7000,7.282E+00
206.8000,7.277E+00
206.9000,7.271E+00
207.0000,7.264E+00
207.1000,7.257E+00
207.2000,7.252E+00
207.3000,7.249E+00
207.4000,7.246E+00
207.5000,7.245E+00
207.6000,7.248E+00
207.7000,7.252E+00
207.8000,7.255E+00
207.9000,7.256E+00
208.0000,7.256E+00
208.1000,7.255E+00
208.2000,7.254E+00
208.3000,7.252E+00
208.4000,7.251E+00
208.5000,7.249E+00
208.6000,7.246E+00
208.7000,7.242E+00
208.8000,7.239E+00
208.9000,7.235E+00
209.0000,7.231E+00
209.1000,7.226E+00
209.2000,7.221E+00
209.3000,7.217E+00
209.4000,7.214E+00
209.5000,7.211E+00
209.6000,7.209E+00
209.7000,7.206E+00
209.8000,7.203E+00
209.9000,7.201E+00
210.0000,7.197E+00
210.1000,7.193E+00
210.2000,7.188E+00
210.3000,7.185E+00
210.4000,7.185E+00
210.5000,7.187E+00
210.6000,7.190E+00
210.7000,7.194E+00
210.8000,7.197E+00
210.9000,7.199E+00
211.0000,7.202E+00
211.1000,7.206E+00
211.2000,7.213E+00
211.3000,7.223E+00
211.4000,7.233E+00
211.5000,7.240E+00
211.6000,7.244E+00
211.7000,7.244E+00
211.8000,7.242E+00
211.9000,7.240E+00
212.0000,7.238E+00
212.1000,7.235E+00
212.2000,7.230E+00
212.3000,7.227E+00
212.4000,7.226E+00
212.5000,7.228E+00
212.6000,7.229E+00
212.7000,7.229E+00
212.8000,7.227E+00
212.9000,7.225E+00
213.0000,7.224E+00
213.1000,7.224E+00
213.2000,7.224E+00
213.3000,7.224E+00
213.4000,7.223E+00
213.5000,7.222E+00
213.6000,7.221E+00
213.7000,7.219E+00
213.8000,7.217E+00
213.9000,7.214E+00
214.0000,7.211E+00
214.1000,7.207E+00
214.2000,7.205E+00
214.3000,7.203E+00
214.4000,7.202E+00
214.5000,7.201E+00
214.6000,7.202E+00
214.7000,7.206E+00
214.8000,7.211E+00
214.9000,7.218E+00
215.0000,7.225E+00
215.1000,7.229E+00
215.2000,7.229E+00
215.3000,7.227E+00
215.4000,7.222E+00
215.5000,7.217E+00
215.6000,7.211E+00
215.7000,7.205E+00
215.8000,7.201E+00
215.9000,7.199E+00
216.0000,7.198E+00
216.1000,7.195E+00
216.2000,7.189E+00
216.3000,7.182E+00
216.4000,7.176E+00
216.5000,7.173E+00
216.6000,7.170E+00
216.7000,7.168E+00
216.8000,7.169E+00
216.9000,7.171E+00
217.0000,7.175E+00
217.1000,7.180E+00
217.2000,7.185E+00
217.3000,7.190E+00
217.4000,7.195E+00
217.5000,7.197E+00
217.6000,7.197E+00
217.7000,7.195E+00
217.8000,7.190E+00
217.9000,7.182E+00
218.0000,7.174E+00
218.1000,7.168E+00
218.2000,7.168E+00
218.3000,7.172E+00
218.4000,7.179E+00
218.5000,7.187E+00
218.6000,7.192E+00
218.7000,7.193E+00
218.8000,7.190E+00
218.9000,7.184E+00
219.0000,7.176E+00
219.1000,7.168E+00
219.2000,7.160E+00
219.3000,7.154E+00
219.4000,7.151E+00
219.5000,7.148E+00
219.6000,7.144E+00
219.7000,7.139E+00
219.8000,7.134E+00
219.9000,7.130E+00
220.0000,7.127E+00
220.1000,7.126E+00
220.2000,7.125E+00
220.3000,7.125E+00
220.4000,7.123E+00
220.5000,7.120E+00
220.6000,7.117E+00
220.7000,7.117E+00
220.8000,7.121E+00
220.9000,7.127E+00
221.0000,7.132E+00
221.1000,7.134E+00
221.2000,7.132E+00
221.3000,7.128E+00
221.4000,7.124E+00
221.5000,7.120E+00
221.6000,7.117E+00
221.7000,7.116E+00
221.8000,7.119E+00
221.9000,7.125E+00
222.0000,7.131E+00
222.1000,7.138E+00
222.2000,7.142E+00
222.3000,7.143E+00
222.4000,7.140E+00
222.5000,7.135E+00
222.6000,7.130E+00
222.7000,7.126E+00
222.8000,7.123E+00
222.9000,7.124E+00
223.0000,7.128E+00
223.1000,7.135E+00
223.2000,7.143E+00
223.3000,7.150E+00
223.4000,7.155E+00
223.5000,7.162E+00
223.6000,7.170E+00
223.7000,7.180E+00
223.8000,7.191E+00
223.9000,7.200E+00
224.0000,7.208E+00
224.1000,7.215E+00
224.2000,7.222E+00
224.3000,7.230E+00
224.4000,7.240E+00
224.5000,7.250E+00
224.6000,7.255E+00
224.7000,7.258E+00
224.8000,7.261E+00
224.9000,7.265E+00
225.0000,7.271E+00
225.1000,7.278E+00
225.2000,7.286E+00
225.3000,7.294E+00
225.4000,7.302E+00
225.5000,7.311E+00
225.6000,7.321E+00
225.7000,7.330E+00
225.8000,7.339E+00
225.9000,7.347E+00
226.0000,7.352E+00
226.1000,7.353E+00
226.2000,7.352E+00
226.3000,7.352E+00
226.4000,7.352E+00
226.5000,7.353E+00
226.6000,7.356E+00
226.7000,7.360E+00
226.8000,7.365E+00
226.9000,7.373E+00
227.0000,7.381E+00
227.1000,7.389E+00
227.2000,7.397E+00
227.3000,7.406E+00
227.4000,7.415E+00
227.5000,7.424E+00
227.6000,7.436E+00
227.7000,7.447E+00
227.8000,7.458E+00
227.9000,7.467E+00
228.0000,7.473E+00
228.1000,7.476E+00
228.2000,7.476E+00
228.3000,7.477E+00
228.4000,7.481E+00
228.5000,7.489E+00
228.6000,7.499E+00
228.7000,7.507E+00
228.8000,7.514E+00
228.9000,7.520E+00
229.0000,7.524E+00
229.1000,7.528E+00
229.2000,7.529E+00
229.3000,7.530E+00
229.4000,7.530E+00
229.5000,7.530E+00
229.6000,7.529E+00
229.7000,7.527E+00
229.8000,7.524E+00
229.9000,7.523E+00
230.0000,7.524E+00
230.1000,7.526E+00
230.2000,7.528E+00
230.3000,7.531E+00
230.4000,7.536E+00
230.5000,7.541E+00
230.6000,7.548E+00
230.7000,7.557E+00
230.8000,7.564E+00
230.9000,7.568E+00
231.0000,7.571E+00
231.1000,7.575E+00
231.2000,7.575E+00
231.3000,7.574E+00
231.4000,7.572E+00
231.5000,7.568E+00
231.6000,7.563E+00
231.7000,7.559E+00
231.8000,7.556E+00
231.9000,7.557E+00
232.0000,7.560E+00
232.1000,7.564E+00
232.2000,7.568E+00
232.3000,7.572E+00
232.4000,7.578E+00
232.5000,7.585E+00
232.6000,7.594E+00
232.7000,7.603E+00
232.8000,7.608E+00
232.9000,7.610E+00
233.0000,7.608E+00
233.1000,7.605E+00
233.2000,7.600E+00
233.3000,7.594E+00
233.4000,7.589E+00
233.5000,7.584E+00
233.6000,7.581E+00
233.7000,7.579E+00
233.8000,7.580E+00
233.9000,7.582E+00
234.0000,7.585E+00
234.1000,7.587E+00
234.2000,7.590E+00
234.3000,7.594E+00
234.4000,7.598E+00
234.5000,7.601E+00
234.6000,7.603E+00
234.7000,7.603E+00
234.8000,7.602E+00
234.9000,7.599E+00
235.0000,7.595E+00
235.1000,7.590E+00
235.2000,7.582E+00
235.3000,7.575E+00
235.4000,7.568E+00
235.5000,7.562E+00
235.6000,7.557E+00
235.7000,7.553E+00
235.8000,7.551E+00
235.9000,7.548E+00
236.0000,7.547E+00
236.1000,7.547E+00
236.2000,7.545E+00
236.3000,7.540E+00
236.4000,7.532E+00
236.5000,7.523E+00
236.6000,7.513E+00
236.7000,7.504E+00
236.8000,7.495E+00
236.9000,7.486E+00
237.0000,7.479E+00
237.1000,7.476E+00
237.2000,7.473E+00
237.3000,7.471E+00
237.4000,7.471E+00
237.5000,7.472E+00
237.6000,7.476E+00
237.7000,7.483E+00
237.8000,7.492E+00
237.9000,7.502E+00
238.0000,7.511E+00
238.1000,7.519E+00
238.2000,7.525E+00
238.3000,7.528E+00
238.4000,7.528E+00
238.5000,7.527E+00
238.6000,7.525E+00
238.7000,7.524E+00
238.8000,7.524E+00
238.9000,7.524E+00
239.0000,7.524E+00
239.1000,7.524E+00
239.2000,7.524E+00
239.3000,7.524E+00
239.4000,7.523E+00
239.5000,7.522E+00
239.6000,7.518E+00
239.7000,7.511E+00
239.8000,7.501E+00
239.9000,7.489E+00
240.0000,7.475E+00
240.1000,7.462E+00
240.2000,7.450E+00
240.3000,7.441E+00
240.4000,7.435E+00
240.5000,7.432E+00
240.6000,7.431E+00
240.7000,7.434E+00
240.8000,7.438E+00
240.9000,7.443E+00
241.0000,7.449E+00
241.1000,7.457E+00
241.2000,7.466E+00
241.3000,7.474E+00
241.4000,7.481E+00
241.5000,7.488E+00
241.6000,7.493E+00
241.7000,7.495E+00
241.8000,7.496E+00
241.9000,7.497E+00
242.0000,7.499E+00
242.1000,7.503E+00
242.2000,7.508E+00
242.3000,7.513E+00
242.4000,7.519E+00
242.5000,7.523E+00
242.6000,7.527E+00
242.7000,7.532E+00
242.8000,7.538E+00
242.9000,7.541E+00
243.0000,7.542E+00
243.1000,7.541E+00
243.2000,7.538E+00
243.3000,7.531E+00
243.4000,7.523E+00
243.5000,7.515E+00
243.6000,7.506E+00
243.7000,7.497E+00
243.8000,7.491E+00
243.9000,7.486E+00
244.0000,7.484E+00
244.1000,7.482E+00
244.2000,7.482E+00
244.3000,7.483E+00
244.4000,7.487E+00
244.5000,7.491E+00
244.6000,7.495E+00
244.7000,7.495E+00
244.8000,7.493E+00
244.9000,7.493E+00
245.0000,7.494E+00
245.1000,7.497E+00
245.2000,7.500E+00
245.3000,7.503E+00
245.4000,7.505E+00
245.5000,7.507E+00
245.6000,7.510E+00
245.7000,7.513E+00
245.8000,7.514E+00
245.9000,7.512E+00
246.0000,7.509E+00
246.1000,7.511E+00
246.2000,7.517E+00
246.3000,7.525E+00
246.4000,7.530E+00
246.5000,7.531E+00
246.6000,7.528E+00
246.7000,7.523E+00
246.8000,7.518E+00
246.9000,7.513E+00
247.0000,7.507E+00
247.1000,7.502E+00
247.2000,7.497E+00
247.3000,7.492E+00
247.4000,7.486E+00
247.5000,7.480E+00
247.6000,7.477E+00
247.7000,7.475E+00
247.8000,7.473E+00
247.9000,7.469E+00
248.0000,7.463E+00
248.1000,7.458E+00
248.2000,7.455E+00
248.3000,7.456E+00
248.4000,7.461E+00
248.5000,7.468E+00
248.6000,7.475E+00
248.7000,7.481E+00
248.8000,7.486E+00
248.9000,7.491E+00
249.0000,7.497E+00
249.1000,7.504E+00
249.2000,7.511E+00
249.3000,7.517E+00
249.4000,7.521E+00
249.5000,7.525E+00
249.6000,7.528E+00
249.7000,7.533E+00
249.8000,7.538E+00
249.9000,7.540E+00
250.0000,7.539E+00
250.1000,7.535E+00
250.2000,7.531E+00
250.3000,7.527E+00
250.4000,7.522E+00
250.5000,7.518E+00
250.6000,7.515E+00
250.7000,7.512E+00
250.8000,7.508E+00
250.9000,7.504E+00
251.0000,7.499E+00
251.1000,7.495E+00
251.2000,7.493E+00
251.3000,7.493E+00
251.4000,7.493E+00
251.5000,7.495E+00
251.6000,7.502E+00
251.7000,7.514E+00
251.8000,7.528E+00
251.9000,7.542E+00
252.0000,7.553E+00
252.1000,7.562E+00
252.2000,7.570E+00
252.3000,7.577E+00
252.4000,7.582E+00
252.5000,7.587E+00
252.6000,7.589E+00
252.7000,7.587E+00
252.8000,7.582E+00
252.9000,7.578E+00
253.0000,7.574E+00
253.1000,7.570E+00
253.2000,7.565E+00
253.3000,7.558E+00
253.4000,7.553E+00
253.5000,7.548E+00
253.6000,7.543E+00
253.7000,7.537E+00
253.8000,7.529E+00
253.9000,7.520E+00
254.0000,7.512E+00
254.1000,7.506E+00
254.2000,7.503E+00
254.3000,7.502E+00
254.4000,7.503E+00
254.5000,7.505E+00
254.6000,7.509E+00
254.7000,7.514E+00
254.8000,7.519E+00
254.9000,7.526E+00
255.0000,7.536E+00
255.1000,7.545E+00
255.2000,7.554E+00
255.3000,7.560E+00
255.4000,7.565E+00
255.5000,7.567E+00
255.6000,7.565E+00
255.7000,7.561E+00
255.8000,7.555E+00
255.9000,7.549E+00
256.0000,7.543E+00
256.1000,7.540E+00
256.2000,7.540E+00
256.3000,7.541E+00
256.4000,7.541E+00
256.5000,7.540E+00
256.6000,7.537E+00
256.7000,7.534E+00
256.8000,7.530E+00
256.9000,7.526E+00
257.0000,7.521E+00
257.1000,7.517E+00
257.2000,7.512E+00
257.3000,7.509E+00
257.4000,7.509E+00
257.5000,7.512E+00
257.6000,7.517E+00
257.7000,7.521E+00
257.8000,7.522E+00
257.9000,7.520E+00
258.0000,7.518E+00
258.1000,7.518E+00
258.2000,7.519E+00
258.3000,7.519E+00
258.4000,7.520E+00
258.5000,7.521E+00
258.6000,7.523E+00
258.7000,7.524E+00
258.8000,7.524E+00
258.9000,7.520E+00
259.0000,7.513E+00
259.1000,7.506E+00
259.2000,7.500E+00
259.3000,7.494E+00
259.4000,7.489E+00
259.5000,7.486E+00
259.6000,7.486E+00
259.7000,7.487E+00
259.8000,7.488E+00
259.9000,7.488E+00
260.0000,7.486E+00
260.1000,7.482E+00
260.2000,7.476E+00
260.3000,7.466E+00
260.4000,7.456E+00
260.5000,7.446E+00
260.6000,7.438E+00
260.7000,7.431E+00
260.8000,7.430E+00
260.9000,7.436E+00
261.0000,7.443E+00
261.1000,7.447E+00
261.2000,7.447E+00
261.3000,7.446E+00
261.4000,7.443E+00
261.5000,7.442E+00
261.6000,7.443E+00
261.7000,7.446E+00
261.8000,7.449E+00
261.9000,7.452E+00
262.0000,7.454E+00
262.1000,7.455E+00
262.2000,7.454E+00
262.3000,7.449E+00
262.4000,7.443E+00
262.5000,7.435E+00
262.6000,7.426E+00
262.7000,7.415E+00
262.8000,7.404E+00
262.9000,7.394E+00
263.0000,7.386E+00
263.1000,7.381E+00
263.2000,7.379E+00
263.3000,7.376E+00
263.4000,7.370E+00
263.5000,7.363E+00
263.6000,7.354E+00
263.7000,7.345E+00
263.8000,7.339E+00
263.9000,7.334E+00
264.0000,7.331E+00
264.1000,7.329E+00
264.2000,7.330E+00
264.3000,7.335E+00
264.4000,7.343E+00
264.5000,7.352E+00
264.6000,7.359E+00
264.7000,7.364E+00
264.8000,7.368E+00
264.9000,7.375E+00
265.0000,7.384E+00
265.1000,7.394E+00
265.2000,7.403E+00
265.3000,7.411E+00
265.4000,7.417E+00
265.5000,7.422E+00
265.6000,7.423E+00
265.7000,7.424E+00
265.8000,7.426E+00
265.9000,7.426E+00
266.0000,7.426E+00
266.1000,7.427E+00
266.2000,7.427E+00
266.3000,7.427E+00
266.4000,7.429E+00
266.5000,7.432E+00
266.6000,7.433E+00
266.7000,7.431E+00
266.8000,7.429E+00
266.9000,7.427E+00
267.0000,7.424E+00
267.1000,7.419E+00
267.2000,7.414E+00
267.3000,7.410E+00
267.4000,7.406E+00
267.5000,7.404E+00
267.6000,7.405E+00
267.7000,7.411E+00
267.8000,7.422E+00
267.9000,7.433E+00
268.0000,7.442E+00
268.1000,7.449E+00
268.2000,7.457E+00
268.3000,7.465E+00
268.4000,7.473E+00
268.5000,7.484E+00
268.6000,7.496E+00
268.7000,7.511E+00
268.8000,7.523E+00
268.9000,7.532E+00
269.0000,7.539E+00
269.1000,7.544E+00
269.2000,7.549E+00
269.3000,7.555E+00
269.4000,7.559E+00
269.5000,7.565E+00
269.6000,7.571E+00
269.7000,7.572E+00
269.8000,7.570E+00
269.9000,7.567E+00
270.0000,7.566E+00
270.1000,7.563E+00
270.2000,7.562E+00
270.3000,7.562E+00
270.4000,7.564E+00
270.5000,7.566E+00
270.6000,7.569E+00
270.7000,7.573E+00
270.8000,7.575E+00
270.9000,7.579E+00
271.0000,7.588E+00
271.1000,7.603E+00
271.2000,7.621E+00
271.3000,7.639E+00
271.4000,7.655E+00
271.5000,7.671E+00
271.6000,7.687E+00
271.7000,7.703E+00
271.8000,7.719E+00
271.9000,7.732E+00
272.0000,7.744E+00
272.1000,7.755E+00
272.2000,7.763E+00
272.3000,7.770E+00
272.4000,7.776E+00
272.5000,7.785E+00
272.6000,7.794E+00
272.7000,7.803E+00
272.8000,7.811E+00
272.9000,7.820E+00
273.0000,7.827E+00
273.1000,7.828E+00
273.2000,7.827E+00
273.3000,7.825E+00
273.4000,7.824E+00
273.5000,7.823E+00
273.6000,7.823E+00
273.7000,7.821E+00
273.8000,7.821E+00
273.9000,7.823E+00
274.0000,7.827E+00
274.1000,7.830E+00
274.2000,7.833E+00
274.3000,7.839E+00
274.4000,7.848E+00
274.5000,7.860E+00
274.6000,7.872E+00
274.7000,7.880E+00
274.8000,7.887E+00
274.9000,7.894E+00
275.0000,7.904E+00
275.1000,7.918E+00
275.2000,7.934E+00
275.3000,7.949E+00
275.4000,7.963E+00
275.5000,7.974E+00
275.6000,7.984E+00
275.7000,7.994E+00
275.8000,8.007E+00
275.9000,8.024E+00
276.0000,8.038E+00
276.1000,8.045E+00
276.2000,8.051E+00
276.3000,8.055E+00
276.4000,8.059E+00
276.5000,8.060E+00
276.6000,8.059E+00
276.7000,8.058E+00
276.8000,8.055E+00
276.9000,8.050E+00
277.0000,8.043E+00
277.1000,8.038E+00
277.2000,8.035E+00
277.3000,8.033E+00
277.4000,8.034E+00
277.5000,8.038E+00
277.6000,8.043E+00
277.7000,8.050E+00
277.8000,8.060E+00
277.9000,8.073E+00
278.0000,8.085E+00
278.1000,8.094E+00
278.2000,8.103E+00
278.3000,8.111E+00
278.4000,8.121E+00
278.5000,8.132E+00
278.6000,8.142E+00
278.7000,8.152E+00
278.8000,8.164E+00
278.9000,8.177E+00
279.0000,8.193E+00
279.1000,8.214E+00
279.2000,8.237E+00
279.3000,8.258E+00
279.4000,8.272E+00
279.5000,8.282E+00
279.6000,8.289E+00
279.7000,8.295E+00
279.8000,8.302E+00
279.9000,8.309E+00
280.0000,8.315E+00
280.1000,8.319E+00
280.2000,8.322E+00
280.3000,8.325E+00
280.4000,8.330E+00
280.5000,8.338E+00
280.6000,8.347E+00
280.7000,8.355E+00
280.8000,8.362E+00
280.9000,8.369E+00
281.0000,8.376E+00
281.1000,8.383E+00
281.2000,8.390E+00
281.3000,8.395E+00
281.4000,8.399E+00
281.5000,8.402E+00
281.6000,8.406E+00
281.7000,8.409E+00
281.8000,8.414E+00
281.9000,8.421E+00
282.0000,8.429E+00
282.1000,8.445E+00
282.2000,8.463E+00
282.3000,8.482E+00
282.4000,8.501E+00
282.5000,8.522E+00
282.6000,8.544E+00
282.7000,8.567E+00
282.8000,8.592E+00
282.9000,8.617E+00
283.0000,8.640E+00
283.1000,8.662E+00
283.2000,8.682E+00
283.3000,8.698E+00
283.4000,8.710E+00
283.5000,8.720E+00
283.6000,8.730E+00
283.7000,8.742E+00
283.8000,8.755E+00
283.9000,8.769E+00
284.0000,8.785E+00
284.1000,8.801E+00
284.2000,8.818E+00
284.3000,8.833E+00
284.4000,8.846E+00
284.5000,8.857E+00
284.6000,8.866E+00
284.7000,8.876E+00
284.8000,8.886E+00
284.9000,8.894E+00
285.0000,8.899E+00
285.1000,8.901E+00
285.2000,8.900E+00
285.3000,8.899E+00
285.4000,8.902E+00
285.5000,8.911E+00
285.6000,8.924E+00
285.7000,8.942E+00
285.8000,8.964E+00
285.9000,8.986E+00
286.0000,9.010E+00
286.1000,9.035E+00
286.2000,9.057E+00
286.3000,9.078E+00
286.4000,9.095E+00
286.5000,9.110E+00
286.6000,9.122E+00
286.7000,9.135E+00
286.8000,9.150E+00
286.9000,9.166E+00
287.0000,9.182E+00
287.1000,9.199E+00
287.2000,9.217E+00
287.3000,9.236E+00
287.4000,9.254E+00
287.5000,9.269E+00
287.6000,9.283E+00
287.7000,9.295E+00
287.8000,9.307E+00
287.9000,9.317E+00
288.0000,9.324E+00
288.1000,9.326E+00
288.2000,9.324E+00
288.3000,9.318E+00
288.4000,9.311E+00
288.5000,9.305E+00
288.6000,9.305E+00
288.7000,9.308E+00
288.8000,9.315E+00
288.9000,9.324E+00
289.0000,9.338E+00
289.1000,9.355E+00
289.2000,9.372E+00
289.3000,9.388E+00
289.4000,9.403E+00
289.5000,9.417E+00
289.6000,9.431E+00
289.7000,9.444E+00
289.8000,9.458E+00
289.9000,9.473E+00
290.0000,9.488E+00
290.1000,9.505E+00
290.2000,9.525E+00
290.3000,9.546E+00
290.4000,9.565E+00
290.5000,9.581E+00
290.6000,9.595E+00
290.7000,9.607E+00
290.8000,9.616E+00
290.9000,9.621E+00
291.0000,9.620E+00
291.1000,9.613E+00
291.2000,9.601E+00
291.3000,9.588E+00
291.4000,9.575E+00
291.5000,9.561E+00
291.6000,9.551E+00
291.7000,9.546E+00
291.8000,9.546E+00
291.9000,9.551E+00
292.0000,9.559E+00
292.1000,9.570E+00
292.2000,9.583E+00
292.3000,9.597E+00
292.4000,9.613E+00
292.5000,9.628E+00
292.6000,9.637E+00
292.7000,9.639E+00
292.8000,9.639E+00
292.9000,9.644E+00
293.0000,9.653E+00
293.1000,9.665E+00
293.2000,9.675E+00
293.3000,9.683E+00
293.4000,9.690E+00
293.5000,9.697E+00
293.6000,9.703E+00
293.7000,9.707E+00
293.8000,9.708E+00
293.9000,9.705E+00
294.0000,9.699E+00
294.1000,9.687E+00
294.2000,9.674E+00
294.3000,9.661E+00
294.4000,9.647E+00
294.5000,9.635E+00
294.6000,9.627E+00
294.7000,9.626E+00
294.8000,9.632E+00
294.9000,9.644E+00
295.0000,9.661E+00
295.1000,9.683E+00
295.2000,9.707E+00
295.3000,9.730E+00
295.4000,9.751E+00
295.5000,9.767E+00
295.6000,9.775E+00
295.7000,9.777E+00
295.8000,9.777E+00
295.9000,9.779E+00
296.0000,9.783E+00
296.1000,9.788E+00
296.2000,9.794E+00
296.3000,9.797E+00
296.4000,9.794E+00
296.5000,9.789E+00
296.6000,9.784E+00
296.7000,9.777E+00
296.8000,9.770E+00
296.9000,9.758E+00
297.0000,9.742E+00
297.1000,9.722E+00
297.2000,9.704E+00
297.3000,9.687E+00
297.4000,9.675E+00
297.5000,9.666E+00
297.6000,9.663E+00
297.7000,9.666E+00
297.8000,9.675E+00
297.9000,9.688E+00
298.0000,9.704E+00
298.1000,9.725E+00
298.2000,9.747E+00
298.3000,9.765E+00
298.4000,9.779E+00
298.5000,9.792E+00
298.6000,9.803E+00
298.7000,9.811E+00
298.8000,9.816E+00
298.9000,9.820E+00
299.0000,9.823E+00
299.1000,9.825E+00
299.2000,9.826E+00
299.3000,9.827E+00
299.4000,9.825E+00
299.5000,9.821E+00
299.6000,9.815E+00
299.7000,9.806E+00
299.8000,9.796E+00
299.9000,9.786E+00
300.0000,9.777E+00
300.1000,9.767E+00
300.2000,9.755E+00
300.3000,9.744E+00
300.4000,9.739E+00
300.5000,9.736E+00
300.6000,9.738E+00
300.7000,9.747E+00
300.8000,9.760E+00
300.9000,9.775E+00
301.0000,9.791E+00
301.1000,9.809E+00
301.2000,9.824E+00
301.3000,9.837E+00
301.4000,9.850E+00
301.5000,9.863E+00
301.6000,9.870E+00
301.7000,9.873E+00
301.8000,9.873E+00
301.9000,9.875E+00
302.0000,9.874E+00
302.1000,9.872E+00
302.2000,9.867E+00
302.3000,9.864E+00
302.4000,9.861E+00
302.5000,9.861E+00
302.6000,9.863E+00
302.7000,9.861E+00
302.8000,9.855E+00
302.9000,9.846E+00
303.0000,9.839E+00
303.1000,9.831E+00
303.2000,9.825E+00
303.3000,9.823E+00
303.4000,9.821E+00
303.5000,9.819E+00
303.6000,9.822E+00
303.7000,9.830E+00
303.8000,9.837E+00
303.9000,9.843E+00
304.0000,9.845E+00
304.1000,9.847E+00
304.2000,9.850E+00
304.3000,9.855E+00
304.4000,9.858E+00
304.5000,9.857E+00
304.6000,9.852E+00
304.7000,9.845E+00
304.8000,9.835E+00
304.9000,9.826E+00
305.0000,9.816E+00
305.1000,9.804E+00
305.2000,9.793E+00
305.3000,9.784E+00
305.4000,9.775E+00
305.5000,9.768E+00
305.6000,9.760E+00
305.7000,9.749E+00
305.8000,9.737E+00
305.9000,9.726E+00
306.0000,9.720E+00
306.1000,9.716E+00
306.2000,9.714E+00
306.3000,9.709E+00
306.4000,9.701E+00
306.5000,9.694E+00
306.6000,9.690E+00
306.7000,9.692E+00
306.8000,9.699E+00
306.9000,9.707E+00
307.0000,9.710E+00
307.1000,9.710E+00
307.2000,9.710E+00
307.3000,9.711E+00
307.4000,9.711E+00
307.5000,9.708E+00
307.6000,9.702E+00
307.7000,9.695E+00
307.8000,9.686E+00
307.9000,9.674E+00
308.0000,9.660E+00
308.1000,9.647E+00
308.2000,9.635E+00
308.3000,9.623E+00
308.4000,9.609E+00
308.5000,9.595E+00
308.6000,9.579E+00
308.7000,9.561E+00
308.8000,9.541E+00
308.9000,9.521E+00
309.0000,9.502E+00
309.1000,9.486E+00
309.2000,9.470E+00
309.3000,9.454E+00
309.4000,9.439E+00
309.5000,9.426E+00
309.6000,9.419E+00
309.7000,9.416E+00
309.8000,9.413E+00
309.9000,9.409E+00
310.0000,9.402E+00
310.1000,9.391E+00
310.2000,9.377E+00
310.3000,9.368E+00
310.4000,9.361E+00
310.5000,9.356E+00
310.6000,9.349E+00
310.7000,9.336E+00
310.8000,9.320E+00
310.9000,9.301E+00
311.0000,9.279E+00
311.1000,9.258E+00
311.2000,9.239E+00
311.3000,9.223E+00
311.4000,9.206E+00
311.5000,9.190E+00
311.6000,9.174E+00
311.7000,9.158E+00
311.8000,9.140E+00
311.9000,9.120E+00
312.0000,9.098E+00
312.1000,9.074E+00
312.2000,9.048E+00
312.3000,9.023E+00
312.4000,9.000E+00
312.5000,8.980E+00
312.6000,8.964E+00
312.7000,8.955E+00
312.8000,8.952E+00
312.9000,8.952E+00
313.0000,8.951E+00
313.1000,8.946E+00
313.2000,8.940E+00
313.3000,8.934E+00
313.4000,8.926E+00
313.5000,8.916E+00
313.6000,8.905E+00
313.7000,8.892E+00
313.8000,8.877E+00
313.9000,8.862E+00
314.0000,8.845E+00
314.1000,8.828E+00
314.2000,8.812E+00
314.3000,8.799E+00
314.4000,8.790E+00
314.5000,8.781E+00
314.6000,8.768E+00
314.7000,8.748E+00
314.8000,8.725E+00
314.9000,8.699E+00
315.0000,8.671E+00
315.1000,8.641E+00
315.2000,8.610E+00
315.3000,8.577E+00
315.4000,8.545E+00
315.5000,8.514E+00
315.6000,8.485E+00
315.7000,8.457E+00
315.8000,8.434E+00
315.9000,8.417E+00
316.0000,8.404E+00
316.1000,8.393E+00
316.2000,8.379E+00
316.3000,8.360E+00
316.4000,8.338E+00
316.5000,8.317E+00
316.6000,8.297E+00
316.7000,8.276E+00
316.8000,8.255E+00
316.9000,8.232E+00
317.0000,8.211E+00
317.1000,8.190E+00
317.2000,8.171E+00
317.3000,8.154E+00
317.4000,8.139E+00
317.5000,8.124E+00
317.6000,8.111E+00
317.7000,8.099E+00
317.8000,8.084E+00
317.9000,8.065E+00
318.0000,8.043E+00
318.1000,8.017E+00
318.2000,7.988E+00
318.3000,7.957E+00
318.4000,7.926E+00
318.5000,7.896E+00
318.6000,7.866E+00
318.7000,7.837E+00
318.8000,7.808E+00
318.9000,7.780E+00
319.0000,7.754E+00
319.1000,7.730E+00
319.2000,7.711E+00
319.3000,7.693E+00
319.4000,7.673E+00
319.5000,7.652E+00
319.6000,7.628E+00
319.7000,7.604E+00
319.8000,7.581E+00
319.9000,7.557E+00
320.0000,7.530E+00
320.1000,7.504E+00
320.2000,7.478E+00
320.3000,7.451E+00
320.4000,7.425E+00
320.5000,7.399E+00
320.6000,7.373E+00
320.7000,7.347E+00
320.8000,7.322E+00
320.9000,7.299E+00
321.0000,7.279E+00
321.1000,7.260E+00
321.2000,7.240E+00
321.3000,7.218E+00
321.4000,7.195E+00
321.5000,7.168E+00
321.6000,7.141E+00
321.7000,7.113E+00
321.8000,7.085E+00
321.9000,7.058E+00
322.0000,7.031E+00
322.1000,7.004E+00
322.2000,6.976E+00
322.3000,6.948E+00
322.4000,6.922E+00
322.5000,6.896E+00
322.6000,6.873E+00
322.7000,6.851E+00
322.8000,6.829E+00
322.9000,6.808E+00
323.0000,6.786E+00
323.1000,6.764E+00
323.2000,6.743E+00
323.3000,6.722E+00
323.4000,6.700E+00
323.5000,6.679E+00
323.6000,6.658E+00
323.7000,6.637E+00
323.8000,6.616E+00
323.9000,6.594E+00
324.0000,6.572E+00
324.1000,6.550E+00
324.2000,6.529E+00
324.3000,6.509E+00
324.4000,6.491E+00
324.5000,6.473E+00
324.6000,6.455E+00
324.7000,6.437E+00
324.8000,6.419E+00
324.9000,6.401E+00
325.0000,6.381E+00
325.1000,6.360E+00
325.2000,6.339E+00
325.3000,6.317E+00
325.4000,6.296E+00
325.5000,6.276E+00
325.6000,6.258E+00
325.7000,6.239E+00
325.8000,6.217E+00
325.9000,6.195E+00
326.0000,6.172E+00
326.1000,6.150E+00
326.2000,6.129E+00
326.3000,6.109E+00
326.4000,6.090E+00
326.5000,6.071E+00
326.6000,6.053E+00
326.7000,6.036E+00
326.8000,6.019E+00
326.9000,6.001E+00
327.0000,5.984E+00
327.1000,5.967E+00
327.2000,5.950E+00
327.3000,5.934E+00
327.4000,5.918E+00
327.5000,5.903E+00
327.6000,5.889E+00
327.7000,5.876E+00
327.8000,5.863E+00
327.9000,5.851E+00
328.0000,5.840E+00
328.1000,5.831E+00
328.2000,5.820E+00
328.3000,5.808E+00
328.4000,5.794E+00
328.5000,5.777E+00
328.6000,5.760E+00
328.7000,5.742E+00
328.8000,5.724E+00
328.9000,5.705E+00
329.0000,5.685E+00
329.1000,5.666E+00
329.2000,5.648E+00
329.3000,5.630E+00
329.4000,5.613E+00
329.5000,5.597E+00
329.6000,5.580E+00
329.7000,5.562E+00
329.8000,5.542E+00
329.9000,5.522E+00
330.0000,5.503E+00
330.1000,5.484E+00
330.2000,5.467E+00
330.3000,5.450E+00
330.4000,5.435E+00
330.5000,5.419E+00
330.6000,5.403E+00
330.7000,5.386E+00
330.8000,5.368E+00
330.9000,5.351E+00
331.0000,5.333E+00
331.1000,5.316E+00
331.2000,5.298E+00
331.3000,5.281E+00
331.4000,5.265E+00
331.5000,5.251E+00
331.6000,5.240E+00
331.7000,5.231E+00
331.8000,5.222E+00
331.9000,5.212E+00
332.0000,5.201E+00
332.1000,5.190E+00
332.2000,5.179E+00
332.3000,5.167E+00
332.4000,5.155E+00
332.5000,5.142E+00
332.6000,5.129E+00
332.7000,5.116E+00
332.8000,5.102E+00
332.9000,5.087E+00
333.0000,5.072E+00
333.1000,5.057E+00
333.2000,5.042E+00
333.3000,5.027E+00
333.4000,5.013E+00
333.5000,4.998E+00
333.6000,4.983E+00
333.7000,4.968E+00
333.8000,4.953E+00
333.9000,4.937E+00
334.0000,4.921E+00
334.1000,4.904E+00
334.2000,4.887E+00
334.3000,4.870E+00
334.4000,4.853E+00
334.5000,4.837E+00
334.6000,4.822E+00
334.7000,4.807E+00
334.8000,4.792E+00
334.9000,4.777E+00
335.0000,4.762E+00
335.1000,4.748E+00
335.2000,4.732E+00
335.3000,4.717E+00
335.4000,4.702E+00
335.5000,4.687E+00
335.6000,4.674E+00
335.7000,4.663E+00
335.8000,4.652E+00
335.9000,4.643E+00
336.0000,4.635E+00
336.1000,4.628E+00
336.2000,4.620E+00
336.3000,4.612E+00
336.4000,4.604E+00
336.5000,4.596E+00
336.6000,4.587E+00
336.7000,4.578E+00
336.8000,4.569E+00
336.9000,4.561E+00
337.0000,4.552E+00
337.1000,4.544E+00
337.2000,4.536E+00
337.3000,4.529E+00
337.4000,4.521E+00
337.5000,4.512E+00
337.6000,4.503E+00
337.7000,4.494E+00
337.8000,4.484E+00
337.9000,4.474E+00
338.0000,4.464E+00
338.1000,4.452E+00
338.2000,4.439E+00
338.3000,4.426E+00
338.4000,4.412E+00
338.5000,4.397E+00
338.6000,4.382E+00
338.7000,4.367E+00
338.8000,4.351E+00
338.9000,4.336E+00
339.0000,4.321E+00
339.1000,4.306E+00
339.2000,4.292E+00
339.3000,4.279E+00
339.4000,4.266E+00
339.5000,4.252E+00
339.6000,4.238E+00
339.7000,4.224E+00
339.8000,4.210E+00
339.9000,4.195E+00
340.0000,4.181E+00
340.1000,4.169E+00
340.2000,4.157E+00
340.3000,4.148E+00
340.4000,4.139E+00
340.5000,4.132E+00
340.6000,4.124E+00
340.7000,4.116E+00
340.8000,4.108E+00
340.9000,4.101E+00
341.0000,4.094E+00
341.1000,4.087E+00
341.2000,4.080E+00
341.3000,4.074E+00
341.4000,4.068E+00
341.5000,4.062E+00
341.6000,4.055E+00
341.7000,4.048E+00
341.8000,4.041E+00
341.9000,4.033E+00
342.0000,4.024E+00
342.1000,4.015E+00
342.2000,4.007E+00
342.3000,3.998E+00
342.4000,3.991E+00
342.5000,3.983E+00
342.6000,3.974E+00
342.7000,3.964E+00
342.8000,3.953E+00
342.9000,3.942E+00
343.0000,3.930E+00
343.1000,3.919E+00
343.2000,3.907E+00
343.3000,3.895E+00
343.4000,3.883E+00
343.5000,3.871E+00
343.6000,3.859E+00
343.7000,3.848E+00
343.8000,3.836E+00
343.9000,3.825E+00
344.0000,3.814E+00
344.1000,3.802E+00
344.2000,3.789E+00
344.3000,3.777E+00
344.4000,3.764E+00
344.5000,3.752E+00
344.6000,3.741E+00
344.7000,3.731E+00
344.8000,3.722E+00
344.9000,3.714E+00
345.0000,3.708E+00
345.1000,3.703E+00
345.2000,3.697E+00
345.3000,3.691E+00
345.4000,3.685E+00
345.5000,3.678E+00
345.6000,3.672E+00
345.7000,3.665E+00
345.8000,3.658E+00
345.9000,3.650E+00
346.0000,3.641E+00
346.1000,3.632E+00
346.2000,3.622E+00
346.3000,3.612E+00
346.4000,3.602E+00
346.5000,3.592E+00
346.6000,3.583E+00
346.7000,3.575E+00
346.8000,3.567E+00
346.9000,3.559E+00
347.0000,3.551E+00
347.1000,3.542E+00
347.2000,3.533E+00
347.3000,3.524E+00
347.4000,3.515E+00
347.5000,3.506E+00
347.6000,3.497E+00
347.7000,3.488E+00
347.8000,3.479E+00
347.9000,3.470E+00
348.0000,3.462E+00
348.1000,3.452E+00
348.2000,3.443E+00
348.3000,3.433E+00
348.4000,3.424E+00
348.5000,3.416E+00
348.6000,3.408E+00
348.7000,3.400E+00
348.8000,3.392E+00
348.9000,3.384E+00
349.0000,3.375E+00
349.1000,3.366E+00
349.2000,3.357E+00
349.3000,3.348E+00
349.4000,3.339E+00
349.5000,3.330E+00
349.6000,3.321E+00
349.7000,3.312E+00
349.8000,3.305E+00
349.9000,3.298E+00
350.0000,3.291E+00
350.1000,3.285E+00
350.2000,3.278E+00
350.3000,3.270E+00
350.4000,3.262E+00
350.5000,3.253E+00
350.6000,3.244E+00
350.7000,3.235E+00
350.8000,3.226E+00
350.9000,3.217E+00
351.0000,3.209E+00
